"ID","Name","CAS","formula","MW","Fixed","Count","SubGroup1","nu1","SubGroup2","nu2","...",,,,,
1,"1-BROMO-2-CHLOROETHANE",,,,0,0,,,,,,,,,,
2,"1-BROMOBUTANE","109-65-9","C4H9Br",137.019,1,3,1,1,2,1,533,1,,,,
3,"1-BROMONAPHTHALENE","90-11-9","C10H7Br",207.07,0,0,9,6,10,1,433,1,,,,
4,"1-BROMOPENTANE","110-53-2","C5H11Br",151.046,1,3,1,1,2,3,133,1,,,,
5,"1-BROMOPROPANE","106-94-5","C3H7Br",122.993,1,3,1,1,2,1,133,1,,,,
6,"1-BUTENE","106-98-9","C4H8",56.108,1,3,1,1,2,1,5,1,,,,
7,"1-BUTYNE",,,,0,0,,,,,,,,,,
8,"1-CHLORO-2-METHYLPROPANE",,,,0,0,,,,,,,,,,
9,"1-CHLOROBUTANE","109-69-3","C4H9Cl",92.568,1,3,1,1,2,2,44,1,,,,
10,"1-CHLOROHEXANE","544-10-5","C6H13Cl",120.622,1,3,1,1,2,4,44,1,,,,
11,"1-CHLOROPENTANE","543-59-9","C5H11Cl",106.595,1,3,1,1,2,3,44,1,,,,
12,"1-CHLOROPROPANE","540-54-5","C3H7Cl",78.541,1,3,1,1,2,1,44,1,,,,
13,"1-DECANOL","112-30-1","C10H22O",158.284,1,3,1,1,2,8,115,1,,,,
14,"1-DECENE","872-05-9","C10H20",140.269,1,3,1,1,2,7,5,1,,,,
15,"1-DODECANOL",,,,0,0,,,,,,,,,,
16,"1-DODECENE","112-41-4","C12H24",168.323,1,3,1,1,2,9,5,1,,,,
17,"1-ETHYLNAPHTHALENE","1127-76-0","C12H12",156.227,1,4,1,1,2,1,9,7,10,3,,
18,"1-HEPTADECANOL",,,,0,0,,,,,,,,,,
19,"1-HEPTANAL","111-71-7","C7H14O",114.188,1,3,1,1,2,4,210,1,,,,
20,"1-HEPTANOL",,,,0,0,,,,,,,,,,
21,"1-HEPTENE","592-76-7","C7H14",98.188,1,3,1,1,2,4,5,1,,,,
22,"1-HEPTYNE",,,,0,0,,,,,,,,,,
23,"1-HEXADECANOL",,,,0,0,,,,,,,,,,
24,"1-HEXANAL","66-25-1","C6H12O",100.161,1,3,1,1,2,3,210,1,,,,
25,"1-HEXANOL","111-27-3","C6H14O",102.177,0,0,1,1,2,4,115,1,,,,
26,"1-HEXENE","592-41-6","C6H12",84.161,1,3,1,1,2,3,5,1,,,,
27,"1-HEXYNE",,,,0,0,,,,,,,,,,
28,"1-IODOPROPANE","107-08-04","C3H7I",169.993,1,3,1,1,2,1,232,1,,,,
29,"1-METHYLCYCLOHEXENE","591-49-1","C7H12",96.172,1,3,1,1,101,4,202,1,,,,
30,"1-METHYLNAPHTHALENE","90-12-0","C11H10",142.2,1,3,1,1,9,7,10,3,,,,
31,"1-NITROPROPANE","108-03-2","C3H7NO2",89.094,1,3,1,1,2,1,226,1,,,,
32,"1-NONANAL","124-19-6","C9H18O",142.241,1,3,1,1,2,6,210,1,,,,
33,"1-NONANOL",,,,0,0,,,,,,,,,,
34,"1-NONYNE",,,,0,0,,,,,,,,,,
35,"1-OCTADECANOL",,,,0,0,,,,,,,,,,
36,"1-OCTANAL","124-13-0","C8H16O",128.214,1,3,1,1,2,5,210,1,,,,
37,"1-OCTANOL","111-87-5","C8H18O",130.23,1,3,1,1,2,6,115,1,,,,
38,"1-OCTENE","111-66-0","C8H16",112.215,1,3,1,1,2,5,5,1,,,,
39,"1-OCTYNE",,,,0,0,,,,,,,,,,
40,"1-PENTADECANOL",,,,0,0,,,,,,,,,,
41,"1-PENTENE","109-67-1","C5H10",70.134,1,3,1,1,2,2,5,1,,,,
42,"1-PENTYNE",,,,0,0,,,,,,,,,,
43,"1-TETRADECANOL",,,,0,0,,,,,,,,,,
44,"1,1-DICHLOROETHANE","75-34-3","C2H4Cl2",98.959,1,2,1,1,48,1,,,,,,
45,"1,1-DIFLUOROETHANE","75-37-6","C2H4F2",66.051,0,1,140,1,,,,,,,,
46,"1,1,1-TRICHLOROETHANE","71-55-6","C2H3Cl3",133.403,1,1,150,1,,,,,,,,
47,"1,1,1,2-TETRACHLOROETHANE",,,,0,0,,,,,,,,,,
48,"1,1,2-TRICHLOROETHANE",,,,0,0,,,,,,,,,,
49,"1,1,2-TRIFLUOROETHANOL",,,,0,0,,,,,,,,,,
50,"1,1,2,2-TETRABROMOETHANE",,,,0,0,,,,,,,,,,
51,"1,1,2,2-TETRACHLOROETHANE","79-34-5","C2H2Cl4",167.848,0,0,48,2,,,,,,,,
52,"1,2-BENZOFLUORENE","238-84-6","C17H12",216.2772,0,3,2,1,9,11,10,5,,,,
53,"1,2-DIBROMOPROPANE",,,,0,0,,,,,,,,,,
54,"1,2-DICHLOROETHANE","107-06-2","C2H4Cl2",98.959,1,1,44,2,,,,,,,,
55,"1,2-DICHLOROPROPANE",,,,0,0,,,,,,,,,,
56,"1,2,3-TRICHLOROPROPANE",,,,0,0,,,,,,,,,,
57,"1,2,3-TRIMETHYLBENZENE","526-73-8","C9H12",120.194,1,3,1,3,9,3,10310,3,,,,
58,"1,2,4-TRIMETHYLBENZENE","95-63-6","C9H12",120.194,1,3,1,3,9,3,10310,3,,,,
59,"1,3-BUTADIENE","106-99-0","C4H6",54.092,1,1,5,2,,,,,,,,
60,"1,3-CYCLOHEXADIENE","592-57-4","C6H8",80.13,1,2,101,2,102,2,,,,,,
61,"1,3-DIBROMOPROPANE",,,,0,0,,,,,,,,,,
62,"1,3-DICHLOROPROPANE","142-28-9","C3H6Cl2",112.986,0,0,2,1,44,2,,,,,,
63,"1,3-DIMETHYLNAPHTHALENE","575-41-7","C12H12",156.227,1,3,1,2,9,6,10,4,,,,
64,"1,3,5-CYCLOHEPTATRIENE","544-25-2","C7H8",92.141,1,2,101,1,102,3,,,,,,
65,"1,3,5-TRIMETHYLBENZENE","108-67-8","C9H12",120.1916,1,3,1,3,9,3,10310,3,,,,
66,"1,4-CYCLOHEXADIENE","628-41-1","C6H8",80.1277,1,2,101,2,102,2,,,,,,
67,"1,4-DIMETHYLNAPHTHALENE","571-58-4","C12H12",156.227,1,3,1,2,9,6,10,4,,,,
68,"1,4-DIOXANE","123-91-1","C4H8O2",88.106,1,1,513,1,,,,,,,,
69,"1,4-PENTADIENE","591-93-5","C5H8",68.119,1,2,2,1,5,2,,,,,,
70,"1,5-DIMETHYL-2-PYRROLIDINONE","5075-92-3","C6H11NO",113.1576,1,2,301,1,85,1,,,,,,
71,"1,5-DIMETHYLNAPHTHALENE","571-61-9","C12H12",156.227,1,3,1,2,9,6,10,4,,,,
72,"1,5-HEXADIENE","592-42-7","C6H10",82.145,1,2,2,2,5,2,,,,,,
73,"1,6-HEPTADIENE","3070-53-9","C7H12",96.1702,1,2,2,3,5,2,,,,,,
74,"2-BROMOBUTANE",,,,0,0,,,,,,,,,,
75,"2-BROMOPROPANE",,,,0,0,,,,,,,,,,
77,"2-CHLOROBUTANE",,,,0,0,,,,,,,,,,
78,"2-CHLOROPROPANE",,,,0,0,,,,,,,,,,
79,"2-HEXANOL",,,,0,0,,,,,,,,,,
80,"2-IODOPROPANE","75-30-9","C3H7I",169.993,1,2,1,2,332,1,,,,,,
81,"2-METHYL-1-BUTANOL","137-32-6","C5H12O",88.15,1,4,1,2,2,1,3,1,115,1,,
82,"2-METHYL-1-BUTENE",,,,0,0,,,,,,,,,,
83,"2-METHYL-1-PENTENE","763-29-1","C6H12",84.161,1,3,1,2,2,2,7,1,,,,
84,"2-METHYL-1,3-BUTADIENE","78-79-5","C5H8",68.119,1,3,1,1,5,1,7,1,,,,
85,"2-METHYL-2-BUTENE","513-35-9","C5H10",70.134,1,2,1,3,8,1,,,,,,
86,"2-METHYL-2-HEXANOL",,,,0,0,,,,,,,,,,
87,"2-METHYL-2-PENTANOL",,,,0,0,,,,,,,,,,
88,"2-METHYL-3-PENTANOL",,,,0,0,,,,,,,,,,
89,"2-METHYLANTHRACENE","613-12-7","C15H12",192.2558,1,3,1,1,9,9,10,5,,,,
90,"2-METHYLHEPTANE","592-27-8","C8H18",114.231,1,3,1,3,2,4,3,1,,,,
91,"2-METHYLHEXANE","591-76-4","C7H16",100.204,1,3,1,3,2,3,3,1,,,,
92,"2-METHYLNAPHTHALENE","91-57-6","C11H10",142.2,1,3,1,1,9,7,10,3,,,,
93,"2-METHYLPENTANE","107-83-5","C6H14",86.177,1,3,1,3,2,2,3,1,,,,
94,"2-NITROPROPANE","79-46-9","C3H7NO2",89.094,1,2,301,2,226,1,,,,,,
95,"2-OCTANONE","111-13-7","C8H16O",128.214,1,3,1,1,2,4,209,1,,,,
96,"2-PENTANOL",,,,0,0,,,,,,,,,,
97,"2-PROPANOL",,,,0,0,,,,,,,,,,
98,"2-PYRROLIDONE",,,,0,0,,,,,,,,,,
99,"2,2-DIMETHYL-1-BUTANOL",,,,0,0,,,,,,,,,,
100,"2,2-DIMETHYL-1-PROPANOL",,,,0,0,,,,,,,,,,
101,"2,2-DIMETHYL-3-PENTANOL",,,,0,0,,,,,,,,,,
102,"2,2-DIMETHYLBUTANE","75-83-2","C6H14",86.177,1,3,1,4,2,1,4,1,,,,
103,"2,2-DIMETHYLPENTANE","590-35-2","C7H16",100.204,1,3,1,4,2,2,4,1,,,,
104,"2,2,2-TRIFLUOROETHANOL",,,,0,0,,,,,,,,,,
105,"2,2,3-TRIMETHYL-3-PENTANOL",,,,0,0,,,,,,,,,,
106,"2,2,3-TRIMETHYLBUTANE","464-06-2","C7H16",100.204,1,3,1,5,3,1,4,1,,,,
107,"2,2,4-TRIMETHYLPENTANE","540-84-1","C8H18",114.231,1,4,1,5,2,1,3,1,4,1,,
108,"2,3-BENZOFLUORENE","243-17-4","C17H12",216.2772,0,3,2,1,9,11,10,5,,,,
109,"2,3-DIMETHYL-2-BUTANOL",,,,0,0,,,,,,,,,,
110,"2,3-DIMETHYL-2-PENTANOL",,,,0,0,,,,,,,,,,
111,"2,3-DIMETHYL-3-PENTANOL",,,,0,0,,,,,,,,,,
112,"2,3-DIMETHYLBUTANE","79-29-8","C6H14",86.177,1,2,1,4,3,2,,,,,,
113,"2,3-DIMETHYLNAPHTHALENE","581-40-8","C12H12",156.227,1,3,1,2,9,6,10,4,,,,
114,"2,3-DIMETHYLPENTANE",,,,0,0,,,,,,,,,,
115,"2,3,4-TRIMETHYLPENTANE","565-75-3","C8H18",114.231,1,2,1,5,3,3,,,,,,
116,"2,4-DIMETHYL-2-PENTANOL",,,,0,0,,,,,,,,,,
117,"2,4-DIMETHYL-3-PENTANOL",,,,0,0,,,,,,,,,,
118,"2,4-DIMETHYLPENTANE","108-08-7","C7H16",100.204,1,3,1,4,2,1,3,2,,,,
119,"2,5-DIMETHYLHEXANE","592-13-2","C8H18",114.231,1,3,1,4,2,2,3,2,,,,
120,"2,6-DIMETHYLNAPHTHALENE","581-42-0","C12H12",156.227,1,3,1,2,9,6,10,4,,,,
121,"2,6-DIMETHYLPYRIDINE","108-48-5","C7H9N",107.155,1,3,701,2,9,3,118,1,,,,
122,"3-ETHYL-3-PENTANOL",,,,0,0,,,,,,,,,,
123,"3-HEXANOL",,,,0,0,,,,,,,,,,
124,"3-METHYL-1-BUTANOL","123-51-3","C5H12O",88.15,1,4,1,2,2,1,3,1,115,1,,
125,"3-METHYL-1-BUTENE","563-45-1","C5H10",70.134,1,3,1,2,3,1,5,1,,,,
126,"3-METHYL-2-PENTANOL",,,,0,0,,,,,,,,,,
127,"3-METHYL-3-HEXANOL",,,,0,0,,,,,,,,,,
128,"3-METHYL-3-PENTANOL",,,,0,0,,,,,,,,,,
129,"3-METHYLHEPTANE","589-81-1","C8H18",114.231,1,3,1,3,2,4,3,1,,,,
130,"3-METHYLHEXANE","589-34-4","C7H16",100.204,1,3,1,3,2,3,3,1,,,,
131,"3-METHYLPENTANE","96-14-0","C6H14",86.177,1,3,1,3,2,2,3,1,,,,
132,"3,3-DIMETHYL-2-BUTANOL",,,,0,0,,,,,,,,,,
133,"3,3-DIMETHYLPENTANE","562-49-2","C7H16",100.204,1,3,1,4,2,2,4,1,,,,
134,"3,4-BENZOPYRENE","50-32-8","C20H12",252.3093,1,2,9,12,10,8,,,,,,
135,"4-METHYL-1-PENTENE","691-37-2","C6H12",84.161,1,4,1,2,2,1,3,1,5,1,,
136,"4-METHYL-2-PENTANOL",,,,0,0,,,,,,,,,,
137,"4-METHYLHEPTANE","589-53-7","C8H18",114.231,1,3,1,3,2,4,3,1,,,,
138,"4-VINYLCYCLOHEXENE","100-40-3","C8H12",108.183,1,4,101,3,201,1,5,1,102,1,,
139,"5-METHYL-2-HEXANONE","110-12-3","C7H14O",114.188,1,4,1,2,2,1,3,1,209,1,,
140,"9-METHYLANTHRACENE","779-02-2","C15H12",192.2558,1,3,1,1,9,9,10,5,,,,
141,"9,10-DIMETHYLANTHRACENE","781-43-1","C16H14",206.2824,1,3,1,2,9,8,10,6,,,,
142,"ACENAPHTHENE","83-32-9","C12H10",154.211,1,3,2,2,9,6,10,4,,,,
143,"ACETALDEHYDE","75-07-0","C2H4O",44.053,1,1,110,1,,,,,,,,
144,"ACETIC ACID","64-19-7","C2H4O2",60.053,1,1,120,1,,,,,,,,
145,"ACETONE","67-64-1","C3H6O",58.08,1,1,109,1,,,,,,,,
146,"ACETONITRILE","75-05-8","C2H3N",41.053,1,1,119,1,,,,,,,,
147,"ACETOPHENONE","98-86-2","C8H8O",120.151,1,2,9,3,409,1,,,,,,
148,"ALPHA-PINENE","80-56-8","C10H16",136.237,0,0,1,3,2,2,3,2,4,1,8,1
149,"ANILINE",,,,0,0,,,,,,,,,,
150,"ANISOLE","100-66-3","C7H8O",108.14,1,2,9,3,313,1,,,,,,
151,"ANTHRACENE","120-12-7","C14H10",178.233,1,2,9,10,10,4,,,,,,
152,"BENZANTHRACENE","56-55-3","C18H12",228.2879,1,2,9,12,10,6,,,,,,
153,"BENZENE","71-43-2","C6H6",78.114,1,1,9,6,,,,,,,,
154,"BENZONITRILE","100-47-0","C7H5N",103.124,1,2,9,3,319,1,,,,,,
155,"BENZYL ACETATE","140-11-4","C9H10O2",150.177,1,2,9,6,211,1,,,,,,
156,"BENZYL ALCOHOL",,,,0,0,,,,,,,,,,
157,"BENZYL CHLORIDE","100-44-7","C7H7Cl",126.585,1,2,9,3,225,1,,,,,,
158,"BIPHENYL","92-52-4","C12H10",154.2078,1,2,9,10,10,2,,,,,,
159,"BROMOBENZENE","108-86-1","C6H5Br",157.01,0,2,9,3,333,1,,,,,,
160,"BROMOETHANE","74-96-4","C2H5Br",108.966,1,2,1,1,133,1,,,,,,
161,"CAPROLACTONE","502-44-3","C6H10O2",114.144,1,2,101,3,611,1,,,,,,
162,"CARBON DISULFIDE","75-15-0","CS2",76.143,1,1,58,1,,,,,,,,
163,"CARBON TETRACHLORIDE","56-23-5","CCl4",153.821,1,1,52,1,,,,,,,,
164,"CHLOROBENZENE","108-90-7","C6H5Cl",112.558,1,2,9,3,125,1,,,,,,
165,"CHLOROETHANE","75-00-3","C2H5Cl",64.514,1,2,1,1,44,1,,,,,,
166,"CHLOROFORM","67-66-3","CHCl3",119.376,1,1,50,1,,,,,,,,
167,"CHRYSENE","218-01-9","C18H12",228.293,1,2,9,12,10,6,,,,,,
168,"CIS-1,2-DIMETHYLCYCLOHEXANE","2207-01-4","C8H16",112.215,1,3,1,2,101,4,201,2,,,,
169,"CIS-2-BUTENE","590-18-1","C4H8",56.108,1,2,1,2,6,1,,,,,,
170,"CIS-2-PENTENE","627-20-3","C5H10",70.134,1,3,1,2,2,1,6,1,,,,
171,"CUMENE","98-82-8","C9H12",120.194,1,4,1,2,3,1,9,5,10310,1,,
172,"CYCLOHEPTANE","291-64-5","C7H14",98.188,1,1,101,7,,,,,,,,
173,"CYCLOHEPTENE","628-92-2","C7H12",96.1702,1,2,101,5,102,1,,,,,,
174,"CYCLOHEXANE","110-82-7","C6H12",84.161,1,1,101,6,,,,,,,,
175,"CYCLOHEXANOL",,,,0,0,,,,,,,,,,
176,"CYCLOHEXANONE","108-94-1","C6H10O",98.145,1,2,101,3,609,1,,,,,,
177,"CYCLOHEXENE","110-83-8","C6H10",82.145,1,2,101,4,102,1,,,,,,
178,"CYCLOOCTANE","292-64-8","C8H16",112.215,1,1,101,8,,,,,,,,
179,"CYCLOOCTENE","931-88-4","C8H14",110.1968,1,2,101,6,102,1,,,,,,
180,"CYCLOPENTADIENE","542-92-7","C5H6",66.103,1,2,101,1,102,2,,,,,,
181,"CYCLOPENTANE","287-92-3","C5H10",70.134,1,1,101,5,,,,,,,,
182,"CYCLOPENTANONE","120-92-3","C5H8O",84.118,1,2,101,2,609,1,,,,,,
183,"CYCLOPENTENE","142-29-0","C5H8",68.119,1,2,101,3,102,1,,,,,,
184,"DI-N-BUTYL ETHER","142-96-1","C8H18O",130.23,1,3,1,2,2,4,213,1,,,,
185,"DI-N-BUTYL KETONE","502-56-7","C9H18O",142.2386,1,3,1,2,2,4,309,1,,,,
186,"DI-N-PROPYL ETHER","111-43-3","C6H14O",102.177,1,3,1,2,2,2,213,1,,,,
187,"DIBROMOMETHANE","74-95-3","CH2Br2",173.835,0,1,233,1,,,,,,,,
188,"DICHLOROMETHANE","75-09-2","CH2Cl2",84.932,1,1,47,1,,,,,,,,
189,"DIETHYL ETHER","60-29-7","C4H10O",74.123,1,2,1,2,213,1,,,,,,
190,"DIETHYL KETONE","96-22-0","C5H10O",86.134,1,2,1,2,309,1,,,,,,
191,"DIETHYL PHTHALATE","84-66-2","C12H14O4",222.241,1,2,1,2,711,1,,,,,,
192,"DIIODOMETHANE","75-11-6","CH2I2",267.836,0,0,332,1,,,,,,,,
193,"DIISOBUTYL ETHER","628-55-7","C8H18O",130.2279,1,3,1,4,3,2,213,1,,,,
194,"DIISOBUTYL KETONE","108-83-8","C9H18O",142.241,1,3,1,4,3,2,309,1,,,,
195,"DIISOPROPYL ETHER","108-20-3","C6H14O",102.177,1,2,1,4,3213,1,,,,,,
196,"DIISOPROPYL KETONE","565-80-0","C7H14O",114.1855,1,2,1,4,2309,1,,,,,,
197,"DIMETHYL CARBONATE","616-38-6","C3H6O3",90.0779,1,1,155,1,,,,,,,,
198,"DIMETHYL ETHER","115-10-6","C2H6O",46.069,1,1,113,1,,,,,,,,
199,"DIMETHYL SULFOXIDE","67-68-5","C2H6OS",78.135,1,1,67,1,,,,,,,,
200,"DIPROPYL KETONE","123-19-3","C7H14O",114.188,1,3,1,2,2,2,309,1,,,,
201,"ETHANOL","64-17-5","C2H6O",46.069,1,2,1,1,115,1,,,,,,
202,"ETHYL ACETATE","141-78-6","C4H8O2",88.106,1,2,1,1,211,1,,,,,,
203,"ETHYL ACRYLATE",,,,0,0,,,,,,,,,,
204,"ETHYL BENZOATE","93-89-0","C9H10O2",150.177,1,3,1,1,9,3,911,1,,,,
205,"ETHYL BUTYRATE","105-54-4","C6H12O2",116.16,1,3,1,2,2,1,311,1,,,,
206,"ETHYL FORMATE","109-94-4","C3H6O2",74.079,1,2,1,1,212,1,,,,,,
207,"ETHYL ISOPROPYL ETHER","625-54-7","C5H12O",88.15,1,2,1,3,2213,1,,,,,,
208,"ETHYL ISOPROPYL KETONE","565-69-5","C6H12O",100.161,1,3,1,1,1,2,1309,1,,,,
209,"ETHYL N-PROPYL KETONE","589-38-8","C6H12O",100.161,1,3,1,2,2,1,309,1,,,,
210,"ETHYL PHENYL KETONE","93-55-0","C9H10O",134.1751,1,3,1,1,9,3,509,1,,,,
211,"ETHYL PROPIONATE","105-37-3","C5H10O2",102.133,1,2,1,2,311,1,,,,,,
212,"ETHYL PROPYL ETHER","628-32-0","C5H12O",88.15,1,3,1,2,2,1,213,1,,,,
213,"ETHYL VALERATE","539-82-2","C7H14O2",130.1849,1,3,1,2,2,2,311,1,,,,
214,"ETHYLBENZENE","100-41-4","C8H10",106.167,1,4,1,1,2,1,9,5,10310,1,,
215,"ETHYLCYCLOHEXANE","1678-91-7","C8H16",112.215,1,3,1,1,101,6,201,1,,,,
216,"ETHYLENE GLYCOL ETHYL ETHER",,,,0,0,,,,,,,,,,
217,"ETHYLENE OXIDE",,,,0,0,,,,,,,,,,
218,"FLUORENE","86-73-7","C13H10",166.222,1,3,2,1,9,9,10,3,,,,
219,"G-BUTYROLACTONE","96-48-0","C4H6O2",86.09,1,1,511,1,,,,,,,,
220,"HEXAFLUOROISOPROPANOL",,,,0,0,,,,,,,,,,
221,"HEXAMETHYLPHOSPHORAMIDE","680-31-9","C6H18N3OP",179.2004,1,1,1003,1,,,,,,,,
222,"HEXANENITRILE","628-73-9","C6H11N",97.16,1,3,1,1,2,3,219,1,,,,
223,"INDANE","496-11-7","C9H10",118.178,1,3,101,3,9,4,10310,2,,,,
224,"IODOBENZENE",,,,0,0,,,,,,,,,,
225,"IODOETHANE","75-03-6","C2H5I",155.966,1,2,1,1,232,1,,,,,,
226,"IODOMETHANE","74-88-4","CH3I",141.939,1,1,132,1,,,,,,,,
227,"ISOBUTANE","75-28-5","C4H10",58.123,1,2,1,3,3,1,,,,,,
228,"ISOBUTANOL","78-83-1","C4H10O",74.123,0,0,1,2,3,1,115,1,,,,
229,"ISOBUTENE","115-11-7","C4H8",56.108,1,2,1,2,7,1,,,,,,
230,"ISOBUTYL ACETATE","110-19-0","C6H12O2",116.16,1,3,1,2,3,1,211,1,,,,
231,"ISOBUTYRALDEHYDE","78-84-2","C4H8O",72.107,1,2,301,2,210,1,,,,,,
232,"ISOBUTYRONITRILE","78-82-0","C4H7N",69.107,1,2,301,2,219,1,,,,,,
233,"ISOPENTANE","78-78-4","C5H12",72.15,1,3,1,3,2,1,3,1,,,,
234,"ISOPENTYL ACETATE","123-92-2","C7H14O2",130.187,1,4,1,2,2,1,3,1,211,1,,
235,"ISOPROPANOL","67-63-0","C3H8O",60.096,1,2,1,2,215,1,,,,,,
236,"ISOPROPYL ACETATE","108-21-4","C5H10O2",102.133,1,2,1,2,2211,1,,,,,,
237,"ISOPROPYL N-BUTYRATE","638-11-9","C7H14O2",130.187,1,4,1,1,2,1,301,2,311,1,,
238,"ISOPROPYL PROPYL ETHER","627-08-7","C6H14O",102.177,1,3,1,3,2,1,2213,1,,,,
240,"M-CRESOL",,,,0,0,,,,,,,,,,
241,"M-DICHLOROBENZENE",,,,0,0,,,,,,,,,,
242,"M-METHYLSTYRENE",,,,0,0,,,,,,,,,,
243,"M-XYLENE","108-38-3","C8H10",106.167,1,3,1,2,9,4,10310,2,,,,
244,"METHANOL","67-56-1","CH4O",32.042,1,1,15,1,,,,,,,,
245,"METHYL ACETATE","79-20-9","C3H6O2",74.079,1,1,111,1,,,,,,,,
246,"METHYL AMYL KETONE","110-43-0","C7H14O",114.188,1,3,1,1,2,3,209,1,,,,
247,"METHYL ETHYL KETONE","78-93-3","C4H8O",72.107,1,2,1,1,209,1,,,,,,
248,"METHYL FORMATE","107-31-3","C2H4O2",60.053,1,1,112,1,,,,,,,,
249,"METHYL HEXANOATE","106-70-7","C7H14O2",130.1849,1,3,1,1,2,3,1211,1,,,,
250,"METHYL ISOBUTYL ETHER","625-44-5","C5H12O",88.15,1,3,1,2,3,1,113,1,,,,
251,"METHYL ISOBUTYL KETONE","108-10-1","C6H12O",100.161,1,3,1,2,3,1,209,1,,,,
252,"METHYL ISOBUTYRATE","547-63-7","C5H10O2",102.1317,1,2,301,2,1211,1,,,,,,
253,"METHYL ISOPROPYL KETONE","563-80-4","C5H10O",86.134,1,2,1,2,1209,1,,,,,,
254,"METHYL N-BUTYL ETHER","628-28-4","C5H12O",88.15,1,3,1,1,2,2,113,1,,,,
255,"METHYL N-BUTYL KETONE","591-78-6","C6H12O",100.161,1,3,1,1,2,2,209,1,,,,
256,"METHYL N-BUTYRATE","623-42-7","C5H10O2",102.1317,1,3,1,1,2,1,1211,1,,,,
257,"METHYL N-HEPTYL KETONE","821-55-6","C9H18O",142.241,1,3,1,1,2,5,209,1,,,,
258,"METHYL N-PROPYL KETONE","107-87-9","C5H10O",86.134,1,3,1,1,2,1,209,1,,,,
259,"METHYL PROPIONATE","554-12-1","C4H8O2",88.1051,1,2,1,1,1211,1,,,,,,
260,"METHYL PROPYL ETHER","557-17-5","C4H10O",74.123,1,3,1,1,2,1,113,1,,,,
261,"METHYL SEC-BUTYL ETHER","6795-87-5","C5H12O",88.15,1,4,1,1,301,1,501,1,113,1,,
262,"METHYL SEC-BUTYL KETONE","565-61-7","C6H12O",100.161,1,3,1,2,2,1,1209,1,,,,
263,"METHYL TERT-BUTYL ETHER","1634-04-4","C5H12O",88.15,1,2,1,3,1113,1,,,,,,
264,"METHYL TERT-BUTYL KETONE","75-97-8","C6H12O",100.1589,1,2,1,3,2209,1,,,,,,
265,"METHYL VALERATE","624-24-8","C6H12O2",116.1583,1,3,1,1,2,2,1211,1,,,,
266,"METHYLCYCLOHEXANE","108-87-2","C7H14",98.188,1,3,1,1,101,5,201,1,,,,
267,"METHYLCYCLOPENTANE","96-37-7","C6H12",84.161,1,3,1,1,101,4,201,1,,,,
268,"N-BUTANE","106-97-8","C4H10",58.123,1,2,1,2,2,2,,,,,,
269,"N-BUTANOL","71-36-3","C4H10O",74.123,1,3,1,1,2,2,115,1,,,,
270,"N-BUTYL ACETATE","123-86-4","C6H12O2",116.16,1,3,1,1,2,2,211,1,,,,
271,"N-BUTYL VALERATE","591-68-4","C9H18O2",158.238,1,3,1,2,2,4,311,1,,,,
272,"N-BUTYLBENZENE","104-51-8","C10H14",134.221,1,4,1,1,2,3,9,5,10310,1,,
273,"N-BUTYRALDEHYDE","123-72-8","C4H8O",72.107,1,3,1,1,2,1,210,1,,,,
274,"N-BUTYRONITRILE","109-74-0","C4H7N",69.107,1,3,1,1,2,1,219,1,,,,
275,"N-DECANE","124-18-5","C10H22",142.285,1,2,1,2,2,8,,,,,,
276,"N-DOCOSANE","629-97-0","C22H46",310.607,1,2,1,2,2,20,,,,,,
277,"N-DODECANE","112-40-3","C12H26",170.338,1,2,1,2,2,10,,,,,,
278,"N-DOTRIACONTANE","544-85-4","C32H66",450.876,1,2,1,2,2,30,,,,,,
279,"N-EICOSANE","112-95-8","C20H42",282.553,1,2,1,2,2,18,,,,,,
280,"N-ETHYLACETAMIDE",,,,0,0,,,,,,,,,,
281,"N-ETHYLPYRROLIDONE","2687-91-4","C6H11NO ",113.1576,1,2,1,1,185,1,,,,,,
282,"N-FORMYLMORPHOLINE","4394-85-8","C5H9NO2",115.1305,1,1,1001,1,,,,,,,,
283,"N-HEPTANE","142-82-5","C7H16",100.204,1,2,1,2,2,5,,,,,,
284,"N-HEXADECANE","544-76-3","C16H34",226.446,1,2,1,2,2,14,,,,,,
285,"N-HEXANE","110-54-3","C6H14",86.177,1,2,1,2,2,4,,,,,,
286,"N-HEXANOIC ACID","142-62-1","C6H12O2",116.16,1,3,1,1,2,3,220,1,,,,
287,"N-HEXATRIACONTANE","630-06-8","C36H74",506.984,1,2,1,2,2,34,,,,,,
288,"N-HEXYL ACETATE","142-92-7","C8H16O2",144.214,1,3,1,1,2,4,211,1,,,,
289,"N-METHYLACETAMIDE",,,,0,0,,,,,,,,,,
290,"N-METHYLFORMAMIDE",,,,0,0,,,,,,,,,,
291,"N-METHYLPYRROLIDINE","120-94-5","C5H11N",85.149,1,2,101,2,216,1,,,,,,
292,"N-METHYLPYRROLIDONE","872-50-4","C5H9NO2",99.1311,1,1,85,1,,,,,,,,
293,"N-NONANE","111-84-2","C9H20",128.258,1,2,1,2,2,7,,,,,,
294,"N-OCTACOSANE","630-02-4","C28H58",394.769,1,2,1,2,2,26,,,,,,
295,"N-OCTADECANE","593-45-3","C18H38",254.5,1,2,1,2,2,16,,,,,,
296,"N-OCTANE","111-65-9","C8H18",114.231,1,2,1,2,2,6,,,,,,
297,"N-PENTANE","109-66-0","C5H12",72.15,1,2,1,2,2,3,,,,,,
298,"N-PENTANOL","71-41-0","C5H12O",88.15,1,3,1,1,2,3,115,1,,,,
299,"N-PENTYL ACETATE","628-63-7","C7H14O2",130.187,1,3,1,1,2,3,211,1,,,,
300,"N-PERFLUOROOCTANE","307-34-6","C8F18",438.0569,1,2,74,2,75,6,,,,,,
301,"N-PROPANOL","71-23-8","C3H8O","60.096",1,3,1,1,2,1,115,1,,,,
302,"N-PROPIONALDEHYDE","123-38-6","C3H6O",58.08,1,2,1,1,210,1,,,,,,
303,"N-PROPYL ACETATE","109-60-4","C5H10O2",102.133,1,3,1,1,2,1,211,1,,,,
304,"N-PROPYL FORMATE","110-74-7","C4H8O2",88.106,1,3,1,1,2,1,212,1,,,,
305,"N-PROPYL PROPIONATE","106-36-5","C6H12O2",116.1583,1,3,1,2,2,1,311,1,,,,
306,"N-PROPYLBENZENE","103-65-1","C9H12",120.194,1,4,1,1,2,2,9,5,10310,1,,
307,"N-TETRACOSANE","646-31-1","C24H50",338.661,1,2,1,2,2,22,,,,,,
308,"N-TETRADECANE","629-59-4","C14H30",198.392,1,2,1,2,2,12,,,,,,
309,"N-TETRATRIACONTANE","14167-59-0","C34H70",478.93,1,2,1,2,2,32,,,,,,
310,"N-TRIACONTANE","638-68-6","C30H62",422.822,1,2,1,2,2,28,,,,,,
311,"N-UNDECANE","1120-21-4","C11H24",156.312,1,2,1,2,2,9,,,,,,
312,"N-VALERIC ACID","109-52-4","C5H10O2",102.133,1,3,1,1,2,2,220,1,,,,
313,"N-VALERONITRILE","110-59-8","C5H9N",83.133,1,3,1,1,2,2,219,1,,,,
314,"N,N-DIBUTYLFORMAMIDE","761-65-9","C9H19NO",157.2533,1,3,1,2,2,4,139,1,,,,
315,"N,N-DIETHYLACETAMIDE","685-91-6","C6H13NO",115.1735,1,2,1,2,339,1,,,,,,
316,"N,N-DIMETHYLACETAMIDE","127-19-5","C4H9NO",87.122,1,1,239,1,,,,,,,,
317,"N,N-DIMETHYLFORMAMIDE","68-12-2","C3H7NO",73.095,1,1,72,1,,,,,,,,
318,"NAPHTHACENE","92-24-0","C18H12",228.2879,1,2,9,12,10,6,,,,,,
319,"NAPHTHALENE","91-20-3","C10H8",128.174,1,2,9,8,10,2,,,,,,
320,"NEOPENTANE","463-82-1","C5H12",72.15,1,2,1,4,4,1,,,,,,
321,"NITROBENZENE","98-95-3","C6H5NO2",123.112,1,2,9,3,326,1,,,,,,
322,"NITROETHANE","79-24-3","C2H5NO2",75.067,1,2,1,1,226,1,,,,,,
323,"NITROMETHANE","75-52-5","CH3NO2",61.041,1,1,54,1,,,,,,,,
324,"O-DICHLOROBENZENE",,,,0,0,,,,,,,,,,
325,"O-ETHYLTOLUENE","611-14-3","C9H12",120.194,1,4,1,2,2,1,9,4,10310,2,,
326,"O-XYLENE","95-47-6","C8H10",106.167,1,3,1,2,9,4,10310,2,,,,
327,"P-BROMOANISOLE","104-92-7","C7H7BrO",187.034,0,2,313,1,333,1,,,,,,
328,"P-DICHLOROBENZENE",,,,0,0,,,,,,,,,,
329,"P-ETHYLTOLUENE","622-96-8","C9H12",120.194,1,4,1,2,2,1,9,4,10310,2,,
330,"P-METHYLSTYRENE",,,,0,0,,,,,,,,,,
331,"P-XYLENE","106-42-3","C8H10",106.167,1,3,1,2,9,4,10310,2,,,,
332,"PENTACHLOROETHANE",,,,0,0,,,,,,,,,,
333,"PENTADECANENITRILE","18300-91-9","C15H29N",223.402,1,3,1,1,2,12,219,1,,,,
334,"PERFLUOROHEXANE","355-42-0","C6F14",338.0418,1,2,74,2,75,4,,,,,,
335,"PERYLENE","198-55-0","C20H12",252.3093,1,2,9,12,10,8,,,,,,
336,"PHENANTHRENE","85-01-8","C14H10",178.233,1,2,9,10,10,4,,,,,,
337,"PHENOL","108-95-2","C6H6O",94.113,1,2,9,3,108,1,,,,,,
338,"PROPANE","74-98-6","C3H8",44.097,1,2,1,2,2,1,,,,,,
339,"PROPIONITRILE","107-12-0","C3H5N",55.08,1,2,1,1,219,1,,,,,,
340,"PROPYL PHENYL KETONE","495-40-9","C10H12O",148.2017,1,4,1,1,2,1,9,3,509,1,,
341,"PROPYLENE","115-07-1","C3H6",42.081,1,2,1,1,5,1,,,,,,
342,"PROPYLENE CARBONATE","108-32-7","C4H6O3",102.0886,1,1,255,1,,,,,,,,
343,"PYRENE","129-00-0","C16H10",202.255,1,2,9,10,10,6,,,,,,
344,"PYRIDINE","110-86-1","C5H5N",79.102,1,2,9,3,118,1,,,,,,
345,"QUINOLINE","91-22-5","C9H7N",129.162,1,3,9,6,10,1,218,1,,,,
346,"SEC-BUTANOL","78-92-2","C4H10O",74.123,1,3,1,2,2,1,215,1,,,,
347,"SEC-BUTYLBENZENE","135-98-8","C10H14",134.221,1,5,1,2,2,1,3,1,9,5,10310,1
348,"SQUALANE","111-01-3","C30H62",422.8133,1,3,1,8,2,16,3,6,,,,
349,"STYRENE",,,,0,0,,,,,,,,,,
350,"SULFOLANE","126-33-0","C4H8O2S",120.17,1,1,1002,1,,,,,,,,
351,"TERT-BUTANOL","75-65-0","C4H10O",74.123,0,0,1,3,315,1,,,,,,
352,"TERT-BUTYL CHLORIDE","507-20-0","C4H9Cl",92.568,1,1,221,1,,,,,,,,
353,"TERT-BUTYLBENZENE","98-06-6","C10H14",134.221,1,3,1,3,9001,1,9,6,,,,
354,"TETRACHLOROETHYLENE","127-18-4","C2Cl4",165.832,0,1,237,1,,,,,,,,
355,"TETRAETHYLENE GLYCOL DIMETHYL ETHER","143-24-8","C10H22O5",222.282,1,1,613,1,,,,,,,,
356,"TETRAHYDROFURAN","109-99-9","C4H8O",72.107,1,2,101,2,413,1,,,,,,
357,"TETRAHYDROPYRAN","142-68-7","C5H10O",86.1323,1,2,101,3,413,1,,,,,,
358,"TOLUENE","108-88-3","C7H8",92.141,1,3,1,1,9,5,10310,1,,,,
359,"TRANS-2-BUTENE","624-64-6","C4H8",56.108,1,2,1,2,6,1,,,,,,
360,"TRIACETIN","102-76-1","C9H14O6",218.207,1,1,411,1,,,,,,,,
361,"TRIBUTYL PHOSPHATE","126-73-8","C12H27O4P",266.3141,1,3,1,3,2,6,1004,1,,,,
362,"TRICHLOROETHYLENE","79-01-6","C2HCl3",131.387,1,1,137,1,,,,,,,,
363,"TRIETHYLAMINE","121-44-8","C6H15N",101.192,1,2,1,3,116,1,,,,,,
364,"TRIMETHYLENE DICYANIDE","544-13-8","C5H6N2",94.117,1,1,419,1,,,,,,,,
365,"VALERALDEHYDE","110-62-3","C5H10O",86.134,1,3,1,1,2,2,210,1,,,,
366,"WATER","732-18-5","H2O",18.0153,1,1,16,1,,,,,,,,
367,"1,1,1,2-TETRAFLUOROETHANE","811-97-2","C2H2F4",102.0309,0,0,,,,,,,,,,
368,"1,2-DICHLOROTETRAFLUOROETHANE","76-14-2","C2Cl2F4",170.921,0,0,,,,,,,,,,
369,"CHLOROTRIFLUOROMETHANE","75-72-9","CClF3",104.459,0,0,,,,,,,,,,
370,"1,1,1-TRIFLUOROETHANE","420-46-2","C2H3F3",84.0404,0,0,,,,,,,,,,
371,"TRIFLUOROMETHANE","75-46-7","CHF3",70.01,0,0,,,,,,,,,,
372,"CHLORO1,1DIFLUOROETHANE","75-68-3","C2ClF2H3",100.495,0,0,,,,,,,,,,
373,"BROMOTRIFLUOROMETHANE","75-63-8","CBrF3",148.91,0,0,,,,,,,,,,
374,"CYCLOPROPANE","75-19-4","C3H6",42.0797,0,0,,,,,,,,,,
375,"1,1,1,2,3,3,3-HEPTAFLUOROPROPANE","431-89-0","C3HF7",170.0289,0,0,,,,,,,,,,
376,"DI-N-PENTYL ETHER","693-65-2","C10H22O",158.284,1,3,1,2,2,6,213,1,,,,
377,"1,1-DIMETHYLCYCLOPENTANE","1638-26-2","C7H14",98.188,1,3,1,2,101,4,1201,1,,,,
378,"ISOPROPYLCYCLOHEXANE","696-29-7","C9H18",126.242,1,4,1,2,3,1,101,5,201,1,,
379,"BUTYLCYCLOHEXANE","1678-93-9","C10H20",140.269,1,4,1,1,2,3,101,5,201,1,,
380,"2,3-DIMETHYLHEXANE","584-94-1","C8H18",114.231,1,3,1,4,2,2,3,2,,,,
381,"2,3-DIMETHYLHEPTANE","3074-71-3","C9H20",128.258,1,3,1,4,2,3,3,2,,,,
382,"2-METHYLOCTANE","3221-61-2","C9H20",128.258,1,3,1,3,2,5,3,1,,,,
383,"2-METHYLNONANE","871-83-0","C10H22",142.285,1,3,1,3,2,6,3,1,,,,
384,"3,3,5-TRIMETHYLHEPTANE","7154-80-5","C10H22",142.285,1,3,1,5,2,3,3,2,,,,
385,"1,1-DIMETHYLCYCLOHEXANE","590-66-9","C8H16",112.215,1,3,1,2,101,5,1201,1,,,,
386,"PROPANOIC ACID","79-09-4","C3H6O2",74.079,1,2,1,1,220,1,,,,,,
387,"N-BUTYRIC ACID","107-92-6","C4H8O2",88.106,1,3,1,1,2,1,220,1,,,,
388,"N-HEPTANOIC ACID","111-14-8","C7H14O2",130.187,1,3,1,1,2,4,220,1,,,,
389,"N-DECANOIC ACID","334-48-5","C10H20O2",172.268,1,3,1,1,2,7,220,1,,,,
390,"N-DODECANOIC ACID","143-07-7","C12H24O2",200.321,1,3,1,1,2,9,220,1,,,,
391,"N-TETRADECANOIC ACID","544-63-8","C14H28O2",228.375,1,3,1,1,2,11,220,1,,,,
304,"ETHYL N-BUTYL ETHER","628-81-9","C6H14O",102.177,1,3,1,2,2,2,213,1,,,,
305,"ETHANE","74-84-0","C2H6",30.07,0,0,1,2,,,,,,,,
392,"[EMIM][BF4]","143314-16-3","C6H11BF4N2",198.095,1,2,49001,1,49002,1,,,,,,
393,"[BMIM][BF4]","174501-65-6","C8H15BF4N2",226.126,1,4,49101,1,1,1,2,1,49002,1,,
394,"[HMIM][BF4]","244193-50-8","C10H19BF4N2",254.158,1,4,49101,1,1,1,2,3,49002,1,,
395,"[OMIM][BF4]",0,"C12H23BF4N2",282.189,1,4,49101,1,1,1,2,5,49002,1,,
396,"[BMIM][PF6]",,,,0,0,,,,,,,,,,
397,"[HMIM][PF6]",,,,0,0,,,,,,,,,,
398,"[OMIM][PF6]",,,,0,0,,,,,,,,,,
399,"[EMIM][TCB]","742099-80-5","C10H11BN6",226.114,1,2,49001,1,49004,1,,,,,,
400,"[HMIM][TCB]",0,"C14H19BN6",282.152,1,4,49101,1,1,1,2,3,49004,1,,
401,"[OMIM][CL]","64697-40-1","C12H23ClN2",230.155,1,4,49101,1,1,1,2,5,49005,1,,
402,"[EMIM][MESO3]","145022-45-3","C7H14N2O3S",206.263,1,2,49001,1,49006,1,,,,,,
403,"[EMIM][CF3SO3]","145022-44-2","C7H11F3N2O3S",260.044,1,2,49001,1,49007,1,,,,,,
